ID,Reviewer,Rating,Review Time,Review Content,Owner Response
1,Adrielle Marl,5,2023-06-06,"After a tiring day walking around the city, we went for a cup of coffee. I find it interesting that people here speak french but some can answer you in fluent english. And they are very friendly too even if you are a complete stranger to them.",None
2,Ninja D,3,2023-06-06,"I don't know lol the service is great and very friendly but they add on a tip for themselves which is, well wrong, and they don't even give points for spending so much and being loyal so I am finding it hard to want to come back but yet the coffee is so delicious üòã ‚Ä¶",None
3,Tomy Shaw,5,2021-07-06,"Excellent service, the server was really nice and caramel micchiato was awesome.",Thank you ! :)
4,Christopher,3,2022-07-06,Long waiting time. Average drinks. Pricey for what you get.,None
5,Jean Denis B√©langer,5,2021-07-06,"No Stars Programs
But they're not closed like the 3 other Enjoy",Thank you !
6,Daria D. S.,5,2022-07-06,Amazing staff and beverages!,Thank you!
7,Kevin Robertson,5,2022-09-09,Excellent,Merci Kevin!
8,Dick Jones,1,2022-07-06,Too expensive,None
9,Marie-√àve Girard,1,2023-02-06,"En √©t√© 2022, on a ajout√© du pourboire sur ma facture de service au volant alors que j'avais dit non. J'ai pay√© rapidement par Paypass sans trop y penser... pour ensuite r√©aliser que le montant qui √©tait sur le terminal √©tait plus √©lev√© que celui qui venait de m'√™tre dit avant le ""m√™me montant?""

C'est totalement inacceptable.

RAJOUT APR√àS R√âPONSE DE STARBUCKS :

Non ce n'√©tait pas une mauvaise manipulation du terminal, en recalculant par la suite je me suis rendu compte que le montant au terminal avait 15 % d'ajout√© par rapport au montant qu'on m'avait dit verbalement.

Je ne suis pas la seule √† vous le dire ici sur ces avis. Si vous arr√™tiez de vous mettre la t√™te dans le sable et rencontriez vos employ√©s √† ce sujet, √ßa irait surement beaucoup mieux.","Bonjour Marie-√àve, ce genre de chose ne devrait pas arriver et n'est absolument pas attendue de nos √©quipes. √ätes-vous all√©e vous informer aux employ√©.e.s en poste? Il s'agit probablement d'une erreur de manipulation du terminal. Vous pouvez nous √©crire au abrassard@dresto.com et il nous fera plaisir de rem√©dier √† la situation avec vous. Merci!"
10,Yannick Chouinard,5,2023-06-06,Super produits quoiqu'un peu dispendieux...mais un bon service qui compense.,"Merci Yannick, √† bient√¥t :)"
11,Roxane Fournier (Sw33tDisasteR),5,2023-03-08,"Excellente boisson aux noisettes, caissi√®re agr√©able et polie! Ambiance g√©niale! Rien √† reprocher!","Merci beaucoup Roxane, √† bient√¥t!"
12,Janelle B,4,2022-07-06,"Tr√®s beau Starbucks avec une grande salle √† manger propre. Je ne pouvais pas recharger ma carte Starbucks sur l‚Äôapplication comme je peut dans tout les autres Starbucks, curieux, mais rien de d√©rangeant, je n‚Äôai pas pu avoir mes points √©toiles √† cause de cela. Mon americano √©tait tr√®s bon.","Merci d'avoir pris le temps d'√©valuer votre exp√©rience, au plaisir !"
13,Dumas Charline,3,2022-10-09,"En semaine, je suis rarement d√©√ßue du service, au contraire c'est rapide, les personnes qui r√©pondent sont sympathiques et les caf√©s r√©ussis.
Mais la fin de semaine, mon caf√© que je prend habituellement (un infus√© √† froid) est compl√®tement rat√©, le gout n'est pas le m√™me, l'effet de la cr√®me est rat√©e... Au prix du caf√©, c'est TR√àS d√©cevant !",Bonjour! Nous sommes sinc√®rement d√©sol√©s que vous ayez eu une mauvaise exp√©rience dans notre √©tablissement. Nous aimerions en apprendre davantage pour faire les suivis n√©cessaires. Vous pouvez nous envoyer plus de d√©tails ainsi que vos coordonn√©es √† abrassard@dresto.com. D√©sol√© encore une fois et merci!
14,Jeannot Savoie,2,2022-07-06,"Le caf√© et la nourriture sont bon, par contre un 250ml de jus d'orange a 7.18$ c'est tout simplement du vol. Je comprends que ce n'est pas leur principale article de vente mais tout de m√™me. C'est probablement pourquoi les prix ne sont pas affich√© sur le tableau de la commande a l'auto. Combien de personne se font prendre sans s'en rendre compte???",None
15,Joanie Laplume,1,2022-08-10,Malgr√© que cela soit probablement ill√©gal un montant pour le pourboire a √©t√© ajout√© √† ma facture sans mon accord au pr√©alable aujourd‚Äôhui au service √† l‚Äôauto. Il s‚Äôagit d‚Äôune pratique questionnable‚Ä¶.,"Bonjour Joanie, ce genre de chose ne devrait pas arriver et n'est absolument pas attendue de nos √©quipes. √ätes-vous all√©e vous informer aux employ√©.e.s en poste? Il s'agit probablement d'une erreur de manipulation du terminal. Vous pouvez nous √©crire au abrassard@dresto.com et il nous fera plaisir de rem√©dier √† la situation avec vous. Merci!"
16,Jules,5,2022-07-06,"Service √† la client√®le excellent!! Les trois fois que j'y suis all√© j'ai ador√© mon exp√©rience. Les employ√© prenne leur temps avec toi. Ils ne sont pas press√©s. √áa me donne le go√ªt d'aller travailler l√† tellement ils sont gentils et acceuillant! Bref, aucun points n√©gatifs pour ma part :)",None
17,Olivier Duchesne,1,2022-07-06,"J'ai entendu parl√© plusieurs fois des restaurants starbucks, j'avais donc h√¢te de go√ªter a leur fameux caf√©. Me voil√† sur place commandant mon grand caf√© fonc√© noir(ts√© j'aime le vrai bon caf√©) le caissier ma fait r√©p√©ter 3 fois avant de comprendre ma commande. Une fois mon caf√© en main j'y goutte. Ark! Il go√ªtait le vieux caf√© oubli√© sur le comptoir depuis une semaine avec des bas sale dans la carafe. Ark ark et encore ark. Fin bref je n'y retournera point.",None
18,FreezeFlow,1,2021-07-06,"Troisi√®me fois que je suis d√©√ßue par cet √©tablissement..
Une fois je n'ai pas re√ßu mon caramel dans mon frap.. bon c'est un oublie et cela arrive donc ce n'est pas si grave.
Deuxi√®me fois, mon frap ne go√ªtait pas du tout ce qu'il √©tait cens√© go√ªt√©. Absolument d√©cevant...
Bon aller je lui laissais sa chance, pour la troisi√®me fois j'ai re√ßu un fond de caf√© d√©gueu dans un breuvage qui n'en a normalement pas!
C'est fini et je n'y retournerai plus! Payer presque 10 $ pour avoir de la scrap, autant jeter mon argent par les fen√™tres pour avoir le m√™me r√©sultat.","Bonjour, nous sommes d√©sol√©s que votre exp√©rience se soit mal d√©roul√©e. La satisfaction de nos clients est une priorit√© et nous aimerions en apprendre davantage afin de pouvoir faire les suivis ad√©quats et rem√©dier √† la situation. Nous vous invitons √† nous √©crire plus de d√©tails ainsi que vos coordonn√©es au ressourceshumaines@dresto.com. Merci !"
19,Sarah T,3,2021-07-06,"Je suis habitu√© au service client des Starbucks de Montr√©al. Alors arriver l√†-bas a ma grande surprise , alors que les r√©gions sont r√©put√©s pour du bon service, j'ai √©t√© d√©√ßu. Je m'aurais cr√ª dans un ( restaurant comp√©titeurs ) ... Honn√™tement le Starbucks est sens√© √™tre avec un meilleur service client ...",None
20,Just Nyan,5,2022-11-08,"Je viens toujours pour des refreshers et je suis rarement d√©√ßue, un de mes endroits pr√©f√©r√©s au saguenay !",Merci beaucoup ! :)
21,esther laflamme,3,2022-07-06,"Le service des employ√©s √©taient super bon et rapide, mais le chemin pour le service au vollant est tres mal pens√©. Quand tu veux sortir, les voitures de la file d'attente bloquent la sortie.",None
22,Cath Dub√©,5,2021-07-06,"√Ä toutes les fois que j'y vais, par le service au volant, j'ai toujours un EXCELLENT service client√®le, mes commandes sont toujours correctes et c'est tellement bon! Je ne me lasse pas d'y aller!","Merci beaucoup Cath, √† bient√¥t ! :)"
23,Simon Blackburn,2,2021-07-06,Le service au volant est n'importe quoi ... on fais la fil et une fois que tu as ta commande tu ne peu plus sortir par ce que la fil bloque le chemin tr√®s d√©sagr√©able... 1 hrs pour 1 caf√©... sils r√®glent ce probl√®me je mettrer une meilleure note mais la sa me co√ªte plus cher de gaz allez chez starbuck que de monter √† shipshaw...bref faite un meilleur syst√®me pour la fil du service au volant!!! Merci,"Bonjour Simon, nous sommes d√©sol√©s que votre exp√©rience chez-nous se soit mal d√©roul√©e. Nous prenons tous vos commentaires en note afin d'am√©liorer nos processus. Au plaisir!"
